{
  "coherence_index": 0.9456117823370686,
  "topological_charge_global": -0.003718153274084362,
  "phase_lock_error": 5.424056929375785,
  "psi_mode": 0.156089,
  "beat_frequency_target_hz": 7.83,
  "spectral_radius_A": 0.6064973211599354,
  "fiedler_L": 0.028262290143302476,
  "zeta_enabled": true,
  "nonlocal_phi_ab_mean": 0.0076311957498907505,
  "nonlocal_phi_berry_mean": -0.09829849277020067,
  "nonlocal_eba_defect_mean": 0.050707762174271934,
  "nonlocal_coherent_fraction": 1.0,
  "euler_bridge_closure_score": 0.5346747037629884,
  "euler_bridge_target_phase": 0.031228850510360562,
  "effective_rh": 0.09212317406462389,
  "timestamp": "2026-05-06T16:19:33.847729+00:00"
}