{
  "system_health": 0.6263944777887483,
  "risk_level": "low",
  "closure_penalty": 4.581267580547717,
  "R_H": 0.003295301135999777,
  "T_glob": 1.3000764938619103,
  "Lambda_glob": 0.13628494783638298,
  "effective_rh": 0.09538215821844093,
  "rh_drivers": {
    "raw_rh": 0.003295301135999777,
    "eba_defect": 0.05077424888378425,
    "coherent_fraction": 1.0,
    "closure_score": 0.5490203081103036,
    "phase_gap": 0.06668916189662201
  },
  "recommended_action": "deep diagnostics allowed"
}