{
  "coherence_index": 0.9085524147729359,
  "topological_charge_global": -0.04635332212737951,
  "phase_lock_error": 4.97985961774033,
  "beat_frequency_target_hz": 7.83,
  "spectral_radius_A": 0.9850854499556693,
  "fiedler_L": 0.025137518152406484,
  "zeta_enabled": true,
  "nonlocal_phi_ab_mean": 0.0062389782066203225,
  "nonlocal_phi_berry_mean": -0.0981792938564976,
  "nonlocal_eba_defect_mean": 0.04858606445832632,
  "nonlocal_coherent_fraction": 1.0,
  "euler_bridge_closure_score": 0.5423376184759512,
  "euler_bridge_target_phase": 0.04456002892039556,
  "effective_rh": 0.1600042633766558,
  "timestamp": "2026-05-01T19:15:19.523088+00:00"
}