{
  "coherence_index": 0.9126922321131482,
  "topological_charge_global": -0.013278298661074838,
  "phase_lock_error": 5.052397322033294,
  "psi_mode": 0.18204,
  "beat_frequency_target_hz": 7.83,
  "spectral_radius_A": 0.9408138156020491,
  "fiedler_L": 0.026708682569902026,
  "zeta_enabled": true,
  "nonlocal_phi_ab_mean": 0.007684738303675589,
  "nonlocal_phi_berry_mean": -0.09712701508513395,
  "nonlocal_eba_defect_mean": 0.05274946257235783,
  "nonlocal_coherent_fraction": 1.0,
  "euler_bridge_closure_score": 0.5423376184759512,
  "euler_bridge_target_phase": 0.04456002892039556,
  "effective_rh": 0.1527655448114867,
  "timestamp": "2026-05-01T23:16:22.131558+00:00"
}