{
  "system_health": 0.5955617573679859,
  "risk_level": "low",
  "closure_penalty": 5.424056929375785,
  "R_H": 0.00045367947834456536,
  "T_glob": 0.7739080693668933,
  "Lambda_glob": -0.003718153274084362,
  "effective_rh": 0.09212317406462389,
  "rh_drivers": {
    "raw_rh": 0.00045367947834456536,
    "eba_defect": 0.050707762174271934,
    "coherent_fraction": 1.0,
    "closure_score": 0.5346747037629884,
    "phase_gap": 0.041229833897324236
  },
  "recommended_action": "deep diagnostics allowed"
}