{
  "system_health": 0.5855730488467108,
  "risk_level": "low",
  "closure_penalty": 5.052397322033294,
  "R_H": 0.06114383699744232,
  "T_glob": 0.59583046329804,
  "Lambda_glob": -0.013278298661074838,
  "effective_rh": 0.1527655448114867,
  "rh_drivers": {
    "raw_rh": 0.06114383699744232,
    "eba_defect": 0.05274946257235783,
    "coherent_fraction": 1.0,
    "closure_score": 0.5423376184759512,
    "phase_gap": 0.045100386851117856
  },
  "recommended_action": "deep diagnostics allowed"
}