{
  "schema": "ciel-sot-agent/local-nonlocality-fallback/v0.1",
  "timestamp": "2026-04-29T21:13:20.517524+00:00",
  "activation_threshold": 0.4,
  "canonical_coherent_fraction_input": 0.6,
  "fallback_active": false,
  "pc_metrics": {
    "cpu_percent": 20.0,
    "mem_percent": 30.86,
    "load_avg_1m": 6.98,
    "process_count": 343,
    "disk_read_mb": 105.11,
    "disk_write_mb": 1.08,
    "net_total_mb": 2190.8873,
    "time_of_day_phase_rad": 5.817764
  },
  "pc_phase_labels": [
    "M0_Perceptual(cpu)",
    "M1_Working(ram)",
    "M2_Episodic(disk_read)",
    "M3_Semantic(disk_write)",
    "M4_Procedural(procs)",
    "M5_Affective(load)",
    "M6_Identity(circadian)",
    "M7_Braid(net)"
  ],
  "pc_phases_rad": [
    0.078538,
    0.053136,
    0.169155,
    0.121872,
    0.167551,
    0.175086,
    0.153577,
    0.123017
  ],
  "eba_loop_results": {
    "short": {
      "epsilon_eba": 0.06903922797524448,
      "defect_magnitude": 0.06903922797524448,
      "is_coherent": true,
      "phi_dyn": 0.08333333333333331,
      "phi_berry": -0.03656143660878408,
      "phi_ab": 0.022267331250695237,
      "nu_e": 0
    },
    "medium": {
      "epsilon_eba": 0.026061121417815542,
      "defect_magnitude": 0.026061121417815542,
      "is_coherent": true,
      "phi_dyn": 0.08333333333333334,
      "phi_berry": -0.03677312397128703,
      "phi_ab": -0.020499087944230773,
      "nu_e": 0
    },
    "deep": {
      "epsilon_eba": 0.03909667240449867,
      "defect_magnitude": 0.03909667240449867,
      "is_coherent": true,
      "phi_dyn": 0.08333333333333334,
      "phi_berry": -0.03815297418252842,
      "phi_ab": -0.006083686746306248,
      "nu_e": 0
    },
    "identity_stabilization": {
      "epsilon_eba": 0.056599840715789274,
      "defect_magnitude": 0.056599840715789274,
      "is_coherent": true,
      "phi_dyn": 0.08333333333333334,
      "phi_berry": -0.03484392332813856,
      "phi_ab": 0.008110430710594491,
      "nu_e": 0
    },
    "semantic_consolidation": {
      "epsilon_eba": 0.04223494964620229,
      "defect_magnitude": 0.04223494964620229,
      "is_coherent": true,
      "phi_dyn": 0.08333333333333333,
      "phi_berry": -0.03950550514644784,
      "phi_ab": -0.0015928785406831944,
      "nu_e": 0
    }
  },
  "observables": {
    "nonlocal_coherent_fraction": 1.0,
    "phi_ab_mean": 0.0004404217460139026,
    "phi_berry_mean": -0.037167392647437195,
    "eba_defect_mean": 0.04660636243191005,
    "loop_count": 5,
    "coherent_count": 5
  }
}