{
  "schema": "ciel-sot-agent/local-nonlocality-fallback/v0.1",
  "timestamp": "2026-04-30T17:19:17.397705+00:00",
  "activation_threshold": 0.4,
  "canonical_coherent_fraction_input": 0.6,
  "fallback_active": false,
  "pc_metrics": {
    "cpu_percent": 4.92,
    "mem_percent": 43.1,
    "load_avg_1m": 0.76,
    "process_count": 345,
    "disk_read_mb": 0.04,
    "disk_write_mb": 0.0,
    "net_total_mb": 10252.5033,
    "time_of_day_phase_rad": 4.796528
  },
  "pc_phase_labels": [
    "M0_Perceptual(cpu)",
    "M1_Working(ram)",
    "M2_Episodic(disk_read)",
    "M3_Semantic(disk_write)",
    "M4_Procedural(procs)",
    "M5_Affective(load)",
    "M6_Identity(circadian)",
    "M7_Braid(net)"
  ],
  "pc_phases_rad": [
    0.051727,
    0.081888,
    0.106029,
    0.105135,
    0.167833,
    0.094029,
    0.138939,
    0.150644
  ],
  "eba_loop_results": {
    "short": {
      "epsilon_eba": 0.05854410780472249,
      "defect_magnitude": 0.05854410780472249,
      "is_coherent": true,
      "phi_dyn": 0.08333333333333333,
      "phi_berry": -0.04138566430271731,
      "phi_ab": 0.01659643877410647,
      "nu_e": 0
    },
    "medium": {
      "epsilon_eba": 0.05192718534878885,
      "defect_magnitude": 0.05192718534878885,
      "is_coherent": true,
      "phi_dyn": 0.08333333333333336,
      "phi_berry": -0.036702313219573825,
      "phi_ab": 0.005296165235029318,
      "nu_e": 0
    },
    "deep": {
      "epsilon_eba": 0.049188364825064015,
      "defect_magnitude": 0.049188364825064015,
      "is_coherent": true,
      "phi_dyn": 0.08333333333333334,
      "phi_berry": -0.036786754992700746,
      "phi_ab": 0.0026417864844314196,
      "nu_e": 0
    },
    "identity_stabilization": {
      "epsilon_eba": 0.04827481609502844,
      "defect_magnitude": 0.04827481609502844,
      "is_coherent": true,
      "phi_dyn": 0.08333333333333333,
      "phi_berry": -0.040243374017521746,
      "phi_ab": 0.005184856779216866,
      "nu_e": 0
    },
    "semantic_consolidation": {
      "epsilon_eba": 0.045936770345317436,
      "defect_magnitude": 0.045936770345317436,
      "is_coherent": true,
      "phi_dyn": 0.08333333333333333,
      "phi_berry": -0.03970071597220177,
      "phi_ab": 0.002304152984185885,
      "nu_e": 0
    }
  },
  "observables": {
    "nonlocal_coherent_fraction": 1.0,
    "phi_ab_mean": 0.006404680051393992,
    "phi_berry_mean": -0.03896376450094308,
    "eba_defect_mean": 0.05077424888378425,
    "loop_count": 5,
    "coherent_count": 5
  }
}