{
  "schema": "ciel-sot-agent/local-nonlocality-fallback/v0.1",
  "timestamp": "2026-05-01T19:15:19.522755+00:00",
  "activation_threshold": 0.4,
  "canonical_coherent_fraction_input": 0.6,
  "fallback_active": false,
  "pc_metrics": {
    "cpu_percent": 5.0,
    "mem_percent": 49.57,
    "load_avg_1m": 1.83,
    "process_count": 335,
    "disk_read_mb": 0.0,
    "disk_write_mb": 0.0,
    "net_total_mb": 542.2676,
    "time_of_day_phase_rad": 5.302819
  },
  "pc_phase_labels": [
    "M0_Perceptual(cpu)",
    "M1_Working(ram)",
    "M2_Episodic(disk_read)",
    "M3_Semantic(disk_write)",
    "M4_Procedural(procs)",
    "M5_Affective(load)",
    "M6_Identity(circadian)",
    "M7_Braid(net)"
  ],
  "pc_phases_rad": [
    -0.008752,
    0.04305,
    0.04456,
    0.04456,
    0.105744,
    0.079771,
    0.086326,
    0.030494
  ],
  "eba_loop_results": {
    "short": {
      "epsilon_eba": 0.05827689055090599,
      "defect_magnitude": 0.05827689055090599,
      "is_coherent": true,
      "phi_dyn": 0.08333333333333331,
      "phi_berry": -0.04166552672211354,
      "phi_ab": 0.016609083939686204,
      "nu_e": 0
    },
    "medium": {
      "epsilon_eba": 0.04220718284956988,
      "defect_magnitude": 0.04220718284956988,
      "is_coherent": true,
      "phi_dyn": 0.08333333333333334,
      "phi_berry": -0.03590706100054494,
      "phi_ab": -0.005219089483218514,
      "nu_e": 0
    },
    "deep": {
      "epsilon_eba": 0.04962920550237692,
      "defect_magnitude": 0.04962920550237692,
      "is_coherent": true,
      "phi_dyn": 0.08333333333333334,
      "phi_berry": -0.035566695356364,
      "phi_ab": 0.0018625675254075793,
      "nu_e": 0
    },
    "identity_stabilization": {
      "epsilon_eba": 0.043862940626217935,
      "defect_magnitude": 0.043862940626217935,
      "is_coherent": true,
      "phi_dyn": 0.08333333333333331,
      "phi_berry": -0.0392920018073941,
      "phi_ab": -0.00017839089972127606,
      "nu_e": 0
    },
    "semantic_consolidation": {
      "epsilon_eba": 0.04895410276256087,
      "defect_magnitude": 0.04895410276256087,
      "is_coherent": true,
      "phi_dyn": 0.08333333333333334,
      "phi_berry": -0.039794942249009035,
      "phi_ab": 0.005415711678236559,
      "nu_e": 0
    }
  },
  "observables": {
    "nonlocal_coherent_fraction": 1.0,
    "phi_ab_mean": 0.003697976552078111,
    "phi_berry_mean": -0.03844524542708513,
    "eba_defect_mean": 0.04858606445832632,
    "loop_count": 5,
    "coherent_count": 5
  }
}