{
  "schema": "ciel-sot-agent/local-nonlocality-fallback/v0.1",
  "timestamp": "2026-05-01T23:16:22.131228+00:00",
  "activation_threshold": 0.4,
  "canonical_coherent_fraction_input": 0.6,
  "fallback_active": false,
  "pc_metrics": {
    "cpu_percent": 6.45,
    "mem_percent": 58.23,
    "load_avg_1m": 3.86,
    "process_count": 339,
    "disk_read_mb": 5.28,
    "disk_write_mb": 0.0,
    "net_total_mb": 722.1219,
    "time_of_day_phase_rad": 0.071413
  },
  "pc_phase_labels": [
    "M0_Perceptual(cpu)",
    "M1_Working(ram)",
    "M2_Episodic(disk_read)",
    "M3_Semantic(disk_write)",
    "M4_Procedural(procs)",
    "M5_Affective(load)",
    "M6_Identity(circadian)",
    "M7_Braid(net)"
  ],
  "pc_phases_rad": [
    -0.006968,
    0.07185,
    0.082773,
    0.04456,
    0.106382,
    0.111536,
    -0.008072,
    0.037002
  ],
  "eba_loop_results": {
    "short": {
      "epsilon_eba": 0.04175008633817623,
      "defect_magnitude": 0.04175008633817623,
      "is_coherent": true,
      "phi_dyn": 0.08333333333333333,
      "phi_berry": -0.04108559009327374,
      "phi_ab": -0.0004976569018833558,
      "nu_e": 0
    },
    "medium": {
      "epsilon_eba": 0.059676241787763866,
      "defect_magnitude": 0.059676241787763866,
      "is_coherent": true,
      "phi_dyn": 0.08333333333333331,
      "phi_berry": -0.034765179726382996,
      "phi_ab": 0.011108088180813552,
      "nu_e": 0
    },
    "deep": {
      "epsilon_eba": 0.06793439602800141,
      "defect_magnitude": 0.06793439602800141,
      "is_coherent": true,
      "phi_dyn": 0.08333333333333334,
      "phi_berry": -0.03349719827371589,
      "phi_ab": 0.018098260968383958,
      "nu_e": 0
    },
    "identity_stabilization": {
      "epsilon_eba": 0.05563093923970513,
      "defect_magnitude": 0.05563093923970513,
      "is_coherent": true,
      "phi_dyn": 0.08333333333333333,
      "phi_berry": -0.03508369858677386,
      "phi_ab": 0.00738130449314566,
      "nu_e": 0
    },
    "semantic_consolidation": {
      "epsilon_eba": 0.03875564946814251,
      "defect_magnitude": 0.03875564946814251,
      "is_coherent": true,
      "phi_dyn": 0.08333333333333333,
      "phi_berry": -0.03902557069391545,
      "phi_ab": -0.005552113171275377,
      "nu_e": 0
    }
  },
  "observables": {
    "nonlocal_coherent_fraction": 1.0,
    "phi_ab_mean": 0.006107576713836888,
    "phi_berry_mean": -0.036691447474812386,
    "eba_defect_mean": 0.05274946257235783,
    "loop_count": 5,
    "coherent_count": 5
  }
}