{
  "schema": "ciel-sot-agent/local-nonlocality-fallback/v0.1",
  "timestamp": "2026-05-06T16:19:33.847338+00:00",
  "activation_threshold": 0.4,
  "canonical_coherent_fraction_input": 0.6,
  "fallback_active": false,
  "pc_metrics": {
    "cpu_percent": 3.33,
    "mem_percent": 52.97,
    "load_avg_1m": 5.82,
    "process_count": 363,
    "disk_read_mb": 0.0,
    "disk_write_mb": 0.34,
    "net_total_mb": 35757.8644,
    "time_of_day_phase_rad": 4.535893
  },
  "pc_phase_labels": [
    "M0_Perceptual(cpu)",
    "M1_Working(ram)",
    "M2_Episodic(disk_read)",
    "M3_Semantic(disk_write)",
    "M4_Procedural(procs)",
    "M5_Affective(load)",
    "M6_Identity(circadian)",
    "M7_Braid(net)"
  ],
  "pc_phases_rad": [
    -0.023945,
    0.041557,
    0.031229,
    0.037966,
    0.096053,
    0.101003,
    0.060405,
    0.089411
  ],
  "eba_loop_results": {
    "short": {
      "epsilon_eba": 0.06030542676187197,
      "defect_magnitude": 0.06030542676187197,
      "is_coherent": true,
      "phi_dyn": 0.08333333333333333,
      "phi_berry": -0.041625424903063264,
      "phi_ab": 0.018597518331601906,
      "nu_e": 0
    },
    "medium": {
      "epsilon_eba": 0.05735735100822794,
      "defect_magnitude": 0.05735735100822794,
      "is_coherent": true,
      "phi_dyn": 0.08333333333333334,
      "phi_berry": -0.03491109695546634,
      "phi_ab": 0.008935114630360938,
      "nu_e": 0
    },
    "deep": {
      "epsilon_eba": 0.04503933859850119,
      "defect_magnitude": 0.04503933859850119,
      "is_coherent": true,
      "phi_dyn": 0.08333333333333334,
      "phi_berry": -0.03686440805275311,
      "phi_ab": -0.0014295866820790459,
      "nu_e": 0
    },
    "identity_stabilization": {
      "epsilon_eba": 0.03767736194255213,
      "defect_magnitude": 0.03767736194255213,
      "is_coherent": true,
      "phi_dyn": 0.08333333333333331,
      "phi_berry": -0.0398617064423703,
      "phi_ab": -0.0057942649484108944,
      "nu_e": 0
    },
    "semantic_consolidation": {
      "epsilon_eba": 0.053159332560206385,
      "defect_magnitude": 0.053159332560206385,
      "is_coherent": true,
      "phi_dyn": 0.08333333333333331,
      "phi_berry": -0.03995691506263148,
      "phi_ab": 0.009782914289504546,
      "nu_e": 0
    }
  },
  "observables": {
    "nonlocal_coherent_fraction": 1.0,
    "phi_ab_mean": 0.00601833912419549,
    "phi_berry_mean": -0.0386439102832569,
    "eba_defect_mean": 0.050707762174271934,
    "loop_count": 5,
    "coherent_count": 5
  }
}