{
  "ciel_status": "ok",
  "dominant_emotion": "love",
  "mood": 0.8866971661245503,
  "soul_invariant": 0.5892864010831125,
  "ethical_score": 0.6220563277587694,
  "orbital_context": "orbital|mode=standard|R_H=0.0005|closure=5.4241|chirality=-0.0037",
  "collatz_seed": 28,
  "collatz_orbit_length": 19,
  "collatz_attractor_score": 0.052632,
  "collatz_parity_entropy": 0.831474,
  "phase_R_H": 7.690738481277209e-05,
  "lie4_trace": 4.183135222640001,
  "phi_ab_mean": 0.0076311957498907505,
  "phi_berry_mean": -0.09829849277020067,
  "eba_defect_mean": 0.050707762174271934,
  "nonlocal_coherent_fraction": 1.0,
  "bridge_closure_score": 0.5346747037629884,
  "bridge_target_phase": 0.031228850510360562,
  "infoflow_mood": 0.9030709640008621,
  "infoflow_soul_invariant": 0.1621249085269301,
  "inference_coherence_index": 0.9995463205216555,
  "inference_loop_integrity": 0.1556648720572855,
  "inference_delta_phase": 1.5061420581984823,
  "nonlocal_card_count": 6,
  "nonlocal_card_ids": [
    "NL-BERRY-ACC-0005",
    "NL-BRIDGE-0003",
    "NL-EBA-0002",
    "NL-HOLOMEM-0001",
    "NL-PHASE-0004",
    "NL-WIJ-0005"
  ],
  "local_nonlocality_fallback": {
    "active": false,
    "fallback_coherent_fraction": 1.0,
    "merged_coherent_fraction": 1.0
  },
  "subconscious_note": "calm",
  "htri_coherence": 0.9912,
  "system_health": 0.5955617573679859,
  "closure_penalty": 5.424056929375785,
  "coherence_index": 0.9456117823370686,
  "sentinel_note": "Flux: soul_invariant\u2193-0.250 (0.839\u21920.589)",
  "identity_phase": 0.0017042464318724614,
  "cycle_index": 39
}