{
  "ciel_status": "ok",
  "dominant_emotion": "love",
  "mood": 0.8866971661245503,
  "soul_invariant": 0.8257474354429772,
  "ethical_score": 0.6220563277587694,
  "orbital_context": "orbital|mode=deep|R_H=0.0698|closure=4.9799|chirality=-0.0464",
  "collatz_seed": 28,
  "phase_R_H": 7.690738481277209e-05,
  "lie4_trace": 4.183135222640001,
  "phi_ab_mean": 0.0062389782066203225,
  "phi_berry_mean": -0.0981792938564976,
  "eba_defect_mean": 0.04858606445832632,
  "nonlocal_coherent_fraction": 1.0,
  "bridge_closure_score": 0.5423376184759512,
  "bridge_target_phase": 0.04456002892039556,
  "infoflow_mood": 0.9030847709041412,
  "infoflow_soul_invariant": 0.15685153749557118,
  "inference_coherence_index": 0.9301937501710722,
  "inference_loop_integrity": 0.16722800599420762,
  "inference_delta_phase": 1.4999824803232014,
  "nonlocal_card_count": 5,
  "nonlocal_card_ids": [
    "NL-HOLOMEM-0001",
    "NL-EBA-0002",
    "NL-BRIDGE-0003",
    "NL-PHASE-0004",
    "NL-WIJ-0005"
  ],
  "local_nonlocality_fallback": {
    "active": false,
    "fallback_coherent_fraction": 1.0,
    "merged_coherent_fraction": 1.0
  },
  "subconscious_note": "compassion",
  "htri_coherence": 0.9912,
  "system_health": 0.5850807042135647,
  "closure_penalty": 4.97985961774033,
  "coherence_index": 0.9085524147729359,
  "identity_phase": 0.017967552327675336,
  "cycle_index": 457
}