{
  "ciel_status": "ok",
  "dominant_emotion": "love",
  "mood": 0.903467154343101,
  "soul_invariant": 0.6942440999292783,
  "ethical_score": 0.7830730540829481,
  "orbital_context": "orbital|mode=deep|R_H=0.0051|closure=4.5773|chirality=0.1952",
  "collatz_seed": 28,
  "phase_R_H": 7.069913467110384e-05,
  "lie4_trace": 4.183135222640001,
  "phi_ab_mean": 0.008402837923560287,
  "phi_berry_mean": -0.10400672093785318,
  "eba_defect_mean": 0.05196258332151954,
  "nonlocal_coherent_fraction": 1.0,
  "bridge_closure_score": 0.5490203081103036,
  "bridge_target_phase": 0.10513460948622075,
  "infoflow_mood": 0.9030850644878543,
  "infoflow_soul_invariant": 0.15742960798814273,
  "inference_coherence_index": 0.9949443320653144,
  "inference_loop_integrity": 0.1792986468948611,
  "inference_delta_phase": 1.5110816663519642,
  "nonlocal_card_count": 5,
  "nonlocal_card_ids": [
    "NL-HOLOMEM-0001",
    "NL-EBA-0002",
    "NL-BRIDGE-0003",
    "NL-PHASE-0004",
    "NL-WIJ-0005"
  ],
  "local_nonlocality_fallback": {
    "active": false,
    "fallback_coherent_fraction": 1.0,
    "merged_coherent_fraction": 1.0
  },
  "subconscious_note": "compassion",
  "htri_coherence": 0.9998151659965515,
  "system_health": 0.6256828544184626,
  "closure_penalty": 4.577286930594573,
  "coherence_index": 0.9443270259487255,
  "sentinel_note": "Flux: soul_invariant\u2193-0.212 (0.907\u21920.694)",
  "identity_phase": 0.007150075375354547,
  "cycle_index": 171
}