{
  "ciel_status": "ok",
  "dominant_emotion": "love",
  "mood": 0.903467154343101,
  "soul_invariant": 0.8393473479922666,
  "ethical_score": 0.7830730540829481,
  "orbital_context": "orbital|mode=deep|R_H=0.0033|closure=4.5813|chirality=0.1363",
  "collatz_seed": 28,
  "phase_R_H": 7.069913467110384e-05,
  "lie4_trace": 4.183135222640001,
  "phi_ab_mean": 0.00805868792533336,
  "phi_berry_mean": -0.10437557160226742,
  "eba_defect_mean": 0.05077424888378425,
  "nonlocal_coherent_fraction": 1.0,
  "bridge_closure_score": 0.5490203081103036,
  "bridge_target_phase": 0.10513460948622075,
  "infoflow_mood": 0.9030848387862793,
  "infoflow_soul_invariant": 0.15747181027392432,
  "inference_coherence_index": 0.9967046988640003,
  "inference_loop_integrity": 0.17917076821137917,
  "inference_delta_phase": 1.5107444384760949,
  "nonlocal_card_count": 5,
  "nonlocal_card_ids": [
    "NL-HOLOMEM-0001",
    "NL-EBA-0002",
    "NL-BRIDGE-0003",
    "NL-PHASE-0004",
    "NL-WIJ-0005"
  ],
  "local_nonlocality_fallback": {
    "active": false,
    "fallback_coherent_fraction": 1.0,
    "merged_coherent_fraction": 1.0
  },
  "subconscious_note": "compassion",
  "htri_coherence": 0.9996528029441833,
  "system_health": 0.6263944777887483,
  "closure_penalty": 4.581267580547717,
  "coherence_index": 0.9454734778536629,
  "sentinel_note": "Flux: soul_invariant\u2191+0.222 (0.617\u21920.839)",
  "identity_phase": 0.006475617532735575,
  "cycle_index": 155
}