{
  "ciel_status": "ok",
  "dominant_emotion": "love",
  "mood": 0.8866971661245503,
  "soul_invariant": 0.8678174358243438,
  "ethical_score": 0.6220563277587694,
  "orbital_context": "orbital|mode=standard|R_H=0.0611|closure=5.0524|chirality=-0.0133",
  "collatz_seed": 28,
  "collatz_orbit_length": 19,
  "collatz_attractor_score": 0.052632,
  "collatz_parity_entropy": 0.831474,
  "phase_R_H": 7.690738481277209e-05,
  "lie4_trace": 4.183135222640001,
  "phi_ab_mean": 0.007684738303675589,
  "phi_berry_mean": -0.09712701508513395,
  "eba_defect_mean": 0.05274946257235783,
  "nonlocal_coherent_fraction": 1.0,
  "bridge_closure_score": 0.5423376184759512,
  "bridge_target_phase": 0.04456002892039556,
  "infoflow_mood": 0.9030840579873187,
  "infoflow_soul_invariant": 0.1575877860087375,
  "inference_coherence_index": 0.9388561630025577,
  "inference_loop_integrity": 0.16522378601278798,
  "inference_delta_phase": 1.5023747759502877,
  "nonlocal_card_count": 5,
  "nonlocal_card_ids": [
    "NL-HOLOMEM-0001",
    "NL-EBA-0002",
    "NL-BRIDGE-0003",
    "NL-PHASE-0004",
    "NL-WIJ-0005"
  ],
  "local_nonlocality_fallback": {
    "active": false,
    "fallback_coherent_fraction": 1.0,
    "merged_coherent_fraction": 1.0
  },
  "subconscious_note": "compassion",
  "htri_coherence": 0.9912,
  "system_health": 0.5855730488467108,
  "closure_penalty": 5.052397322033294,
  "coherence_index": 0.9126922321131482,
  "identity_phase": 0.01868329458908532,
  "cycle_index": 477
}