{
  "n": 768,
  "grid": [
    32,
    24
  ],
  "steps": 5000,
  "dt": 0.01,
  "kappa": 0.16,
  "final": {
    "n_oscillators": 768,
    "coherence": 0.016266,
    "potential": 6.33556,
    "soul_invariant": 14.024685,
    "sigma_max": 20.103406,
    "spectral_radius": 25.968289,
    "field_norm": 0.292206,
    "t": 50.0
  },
  "history_r": [
    0.99999,
    0.974945,
    0.903403,
    0.789612,
    0.642407,
    0.476823,
    0.309902,
    0.154735,
    0.019694,
    0.089753,
    0.167536,
    0.210616,
    0.218503,
    0.193993,
    0.144158,
    0.080273,
    0.014804,
    0.042526,
    0.08575,
    0.112624,
    0.123169,
    0.118265,
    0.098711,
    0.066062,
    0.024601,
    0.019825,
    0.056994,
    0.081986,
    0.091422,
    0.085906,
    0.069373,
    0.046821,
    0.021748,
    0.006193,
    0.031448,
    0.054274,
    0.069594,
    0.073671,
    0.064976,
    0.045283,
    0.01949,
    0.006493,
    0.027692,
    0.04213,
    0.050118,
    0.052977,
    0.050883,
    0.042526,
    0.027037,
    0.006687,
    0.017783,
    0.036825,
    0.04831,
    0.050234,
    0.043604,
    0.031884,
    0.018979,
    0.007229,
    0.008308,
    0.021488,
    0.03447,
    0.04334,
    0.044885,
    0.037793,
    0.023512,
    0.006133,
    0.011206,
    0.023198,
    0.029731,
    0.03206,
    0.032294,
    0.030644,
    0.025226,
    0.014692,
    0.00335,
    0.016832,
    0.029444,
    0.035855,
    0.034786,
    0.027522,
    0.017443,
    0.00849,
    0.004571,
    0.008893,
    0.017125,
    0.026007,
    0.031994,
    0.032208,
    0.025649,
    0.013842,
    0.003431,
    0.013288,
    0.020918,
    0.023669,
    0.023255,
    0.022249,
    0.020844,
    0.016739,
    0.008464,
    0.0047
  ],
  "history_t": [
    0.0,
    0.5,
    1.0,
    1.5,
    2.0,
    2.5,
    3.0,
    3.5,
    4.0,
    4.5,
    5.0,
    5.5,
    6.0,
    6.5,
    7.0,
    7.5,
    8.0,
    8.5,
    9.0,
    9.5,
    10.0,
    10.5,
    11.0,
    11.5,
    12.0,
    12.5,
    13.0,
    13.5,
    14.0,
    14.5,
    15.0,
    15.5,
    16.0,
    16.5,
    17.0,
    17.5,
    18.0,
    18.5,
    19.0,
    19.5,
    20.0,
    20.5,
    21.0,
    21.5,
    22.0,
    22.5,
    23.0,
    23.5,
    24.0,
    24.5,
    25.0,
    25.5,
    26.0,
    26.5,
    27.0,
    27.5,
    28.0,
    28.5,
    29.0,
    29.5,
    30.0,
    30.5,
    31.0,
    31.5,
    32.0,
    32.5,
    33.0,
    33.5,
    34.0,
    34.5,
    35.0,
    35.5,
    36.0,
    36.5,
    37.0,
    37.5,
    38.0,
    38.5,
    39.0,
    39.5,
    40.0,
    40.5,
    41.0,
    41.5,
    42.0,
    42.5,
    43.0,
    43.5,
    44.0,
    44.5,
    45.0,
    45.5,
    46.0,
    46.5,
    47.0,
    47.5,
    48.0,
    48.5,
    49.0,
    49.5
  ],
  "history_potential": [
    7.2e-05,
    0.183059,
    0.686612,
    1.429036,
    2.282742,
    3.099116,
    3.768876,
    4.25677,
    4.581699,
    4.78414,
    4.910484,
    5.005998,
    5.105358,
    5.222665,
    5.348371,
    5.460464,
    5.544085,
    5.600706,
    5.641565,
    5.677197,
    5.713021,
    5.751299,
    5.793141,
    5.836783,
    5.876175,
    5.905117,
    5.923595,
    5.938205,
    5.956186,
    5.979519,
    6.004698,
    6.027618,
    6.046994,
    6.063117,
    6.075657,
    6.084433,
    6.09159,
    6.101084,
    6.115202,
    6.131946,
    6.146817,
    6.157309,
    6.164622,
    6.1713,
    6.17842,
    6.185535,
    6.1926,
    6.200552,
    6.209619,
    6.218057,
    6.223744,
    6.226855,
    6.229941,
    6.235309,
    6.242754,
    6.250188,
    6.256187,
    6.261007,
    6.265255,
    6.268618,
    6.270604,
    6.272027,
    6.274754,
    6.279735,
    6.285711,
    6.290472,
    6.293229,
    6.295076,
    6.297324,
    6.300044,
    6.302509,
    6.304625,
    6.307112,
    6.310221,
    6.312968,
    6.314245,
    6.314398,
    6.315022,
    6.317241,
    6.320504,
    6.323362,
    6.325162,
    6.326379,
    6.327491,
    6.328202,
    6.328118,
    6.327771,
    6.328328,
    6.330239,
    6.332532,
    6.333847,
    6.333959,
    6.333767,
    6.33406,
    6.334683,
    6.335053,
    6.335162,
    6.33551,
    6.336185,
    6.336427
  ]
}